{
	"parent":"factorymade:block/industrial_shaper",
	"display": {
		"firstperson_lefthand": {
			"rotation": [
				19.999998,
				-44.999996,
				0.0
			],
			"scale": [
				0.75,
				0.75,
				0.75
			]
		},
		"firstperson_righthand": {
			"rotation": [
				19.999998,
				-44.999996,
				0.0
			],
			"scale": [
				0.75,
				0.75,
				0.75
			]
		},
		"fixed": {
			"rotation": [
				19.999998,
				-44.999996,
				0.0
			],
			"scale": [
				0.75,
				0.75,
				0.75
			]
		},
		"ground": {
			"rotation": [
				19.999998,
				-44.999996,
				0.0
			],
			"scale": [
				0.75,
				0.75,
				0.75
			]
		},
		"gui": {
			"rotation": [
				19.999998,
				-44.999996,
				0.0
			],
			"scale": [
				0.75,
				0.75,
				0.75
			]
		},
		"head": {
			"rotation": [
				19.999998,
				-44.999996,
				0.0
			],
			"scale": [
				0.75,
				0.75,
				0.75
			]
		},
		"none": {
			"rotation": [
				19.999998,
				-44.999996,
				0.0
			],
			"scale": [
				0.75,
				0.75,
				0.75
			]
		},
		"thirdperson_lefthand": {
			"rotation": [
				19.999998,
				-44.999996,
				0.0
			],
			"scale": [
				0.75,
				0.75,
				0.75
			]
		},
		"thirdperson_righthand": {
			"rotation": [
				19.999998,
				-44.999996,
				0.0
			],
			"scale": [
				0.75,
				0.75,
				0.75
			]
		}
	}
}